id,name,username,password,salt
1,Gianni Noyes,gnoyes0,fW1$tq+r+F\r{,123
2,Dyanna Mickelwright,dmickelwright1,pL2=*Iz&A_W&%,123
3,Celestyna Core,ccore2,kE6.#eR|=,123
4,Hilton Ferns,hferns3,"bF5,g=IyF_c3",123
5,Gwenni Buddles,gbuddles4,nX0+v6DjM8iV,123
6,Philippe Zecchinii,pzecchinii5,wK1%nLc{7t,123
7,Nicola Schole,nschole6,"rN3!<WFcCC*0W,gv",123
8,Nicol Noseworthy,nnoseworthy7,rM3`AmVK&,123
9,Ase Binden,abinden8,vH8{0&d$yy+0=,123
10,Fremont Gottschalk,fgottschalk9,"kB5@3f,Ii0i~",123
11,iure,eioqheiwqh,Rfufhej353^,132
12,JavaC,JavaC,sY5woVZ0xrY4fa9PP0Idrsn6nLY+zpSz6TNhPp5j8ZQ=,z1OjY6YGYYeBuMW/iVTNHA==
13,Bank,Bank,jlVXpiWpe8dirZTywr6mJGOwVdTk67ooiYWgptadvlc=,taEovkU6rvBIKpjHTqLBCg==
14,Java,Java,xbYIL7N9ZCaJHQzajFhNaE4lABUSk2DWL8zoJCr0rCM=,QzSsFgaBZgG7WnjvthcmSw==
